-- Users
INSERT INTO users (id,user_name, email, password, role, budget)
VALUES (1, 'admin23', 'fpladmin@gmail.com', 'b27e517dd8d579a66bd67883f98862f0', 'Admin', 100.0);

INSERT INTO users (id,user_name, email, password, role, budget)
VALUES (2, 'panton8', 'anton@gmail.com', 'a83a26d4887950da95a6236c67fcc220', 'Base', 100.0);

INSERT INTO users (id,user_name, email, password, role, budget)
VALUES (3, 'andrew', 'andrew@mail.ru', 'd914e3ecf6cc481114a3f534a5faf90b', 'Base', 100.0);

-- Players

--GKP
INSERT INTO players (id, name, surname, club, price, pos, health_status)
VALUES (13, 'Robert', 'Sanchez', 'Brighton', 6.0, 'GKP', 'Healthy');

INSERT INTO players (id, name, surname, club, price, pos, health_status)
VALUES (15, 'Dean', 'Henderson', 'NottinghamForest', 6.1, 'GKP', 'Healthy');

INSERT INTO players (id, name, surname, club, price, pos, health_status)
VALUES (16, 'Asmir', 'Begovic', 'Everton', 5.2, 'GKP', 'Healthy');

INSERT INTO players (id, name, surname, club, price, pos, health_status)
VALUES (46, 'Nick', 'Pope', 'Newcastle', 6.3, 'GKP', 'Healthy');

INSERT INTO players (id, name, surname, club, price, pos, health_status)
VALUES (47, 'Danny', 'Ward', 'Leicester', 5.5, 'GKP', 'Healthy');

INSERT INTO players (id, name, surname, club, price, pos, health_status)
VALUES (48, 'Lukasz', 'Fabianski', 'WestHam', 6.1, 'GKP', 'Healthy');

INSERT INTO players (id, name, surname, club, price, pos, health_status)
VALUES (49, 'Emiliano', 'Martinez', 'AstonVilla', 6.2, 'GKP', 'Healthy');

INSERT INTO players (id, name, surname, club, price, pos, health_status)
VALUES (50, 'Jose', 'Sa', 'Wolverhampton', 6.0, 'GKP', 'Healthy');

INSERT INTO players (id, name, surname, club, price, pos, health_status)
VALUES (51, 'Kepa', 'Arrizabalaga', 'Chelsea', 6.3, 'GKP', 'Healthy');

INSERT INTO players (id, name, surname, club, price, pos, health_status)
VALUES (52, 'Bernd', 'Leno', 'Fulham', 6.1, 'GKP', 'Healthy');

--DEF
INSERT INTO players (id, name, surname, club, price, pos, health_status)
VALUES (2, 'Reece', 'James', 'Chelsea', 6.4, 'DEF', 'Healthy');

INSERT INTO players (id, name, surname, club, price, pos, health_status)
VALUES (11, 'Trent', 'Alexander-Arnold', 'Liverpool', 6.3, 'DEF', 'Healthy');

INSERT INTO players (id, name, surname, club, price, pos, health_status)
VALUES (12, 'Marc', 'Guehi', 'CrystalPalace', 5.9, 'DEF', 'Healthy');

INSERT INTO players (id, name, surname, club, price, pos, health_status)
VALUES (29, 'Lisandro', 'Martinez', 'ManUnited', 6.2, 'DEF', 'Injured');

INSERT INTO players (id, name, surname, club, price, pos, health_status)
VALUES (30, 'Diego', 'Carlos', 'AstonVilla', 6.9, 'DEF', 'Injured');

INSERT INTO players (id, name, surname, club, price, pos, health_status)
VALUES (31, 'Jamaal', 'Lascelles', 'Newcastle', 6.0, 'DEF', 'Healthy');

INSERT INTO players (id, name, surname, club, price, pos, health_status)
VALUES (17, 'Robin', 'Koch', 'Leeds', 5.7, 'DEF', 'Healthy');

INSERT INTO players (id, name, surname, club, price, pos, health_status)
VALUES (18, 'Issa', 'Diop', 'Fulham', 5.8, 'DEF', 'Healthy');

INSERT INTO players (id, name, surname, club, price, pos, health_status)
VALUES (19, 'Ilya', 'Zabarnyi', 'Bournemouth', 5.9, 'DEF', 'Healthy');

INSERT INTO players (id, name, surname, club, price, pos, health_status)
VALUES (20, 'Kieran', 'Trippier', 'Newcastle', 6.4, 'DEF', 'Healthy');

INSERT INTO players (id, name, surname, club, price, pos, health_status)
VALUES (21, 'Jonny', 'Otto', 'Wolverhampton', 5.6, 'DEF', 'Healthy');

INSERT INTO players (id, name, surname, club, price, pos, health_status)
VALUES (39, 'Cristian', 'Romero', 'Tottenham', 6.6, 'DEF', 'Healthy');

INSERT INTO players (id, name, surname, club, price, pos, health_status)
VALUES (40, 'Wesley', 'Fofana', 'Chelsea', 6.9, 'DEF', 'Healthy');

INSERT INTO players (id, name, surname, club, price, pos, health_status)
VALUES (41, 'Pedro', 'Porro', 'Tottenham', 6.3, 'DEF', 'Healthy');

INSERT INTO players (id, name, surname, club, price, pos, health_status)
VALUES (42, 'Sven', 'Botman', 'Newcastle', 6.5, 'DEF', 'Healthy');

INSERT INTO players (id, name, surname, club, price, pos, health_status)
VALUES (43, 'Renan', 'Lodi', 'NottinghamForest', 5.9, 'DEF', 'Healthy');

INSERT INTO players (id, name, surname, club, price, pos, health_status)
VALUES (44, 'Jan', 'Bednarek', 'Southampton', 5.8, 'DEF', 'Healthy');

INSERT INTO players (id, name, surname, club, price, pos, health_status)
VALUES (45, 'Nathan', 'Patterson', 'Everton', 5.4, 'DEF', 'Healthy');

INSERT INTO players (id, name, surname, club, price, pos, health_status)
VALUES (65, 'Harry', 'Maguire', 'ManUnited', 6.2, 'DEF', 'Healthy');
-- MID

INSERT INTO players (id, name, surname, club, price, pos, health_status)
VALUES (1, 'Ngolo', 'Kante', 'Chelsea', 6.7, 'MID', 'Healthy');

INSERT INTO players (id, name, surname, club, price, pos, health_status)
VALUES (28, 'Kaoru', 'Mitoma', 'Brighton', 6.9, 'MID', 'Healthy');

INSERT INTO players (id, name, surname, club, price, pos, health_status)
VALUES (32, 'Brenden', 'Aaronson', 'Leeds', 6.5, 'MID', 'Healthy');

INSERT INTO players (id, name, surname, club, price, pos, health_status)
VALUES (14, 'James', 'Ward-Prowse', 'Southampton', 6.8, 'MID', 'Healthy');

INSERT INTO players (id, name, surname, club, price, pos, health_status)
VALUES (4, 'Phil', 'Foden', 'ManCity', 7.7, 'MID', 'Healthy');

INSERT INTO players (id, name, surname, club, price, pos, health_status)
VALUES (5, 'Bukayo', 'Saka', 'Arsenal', 8.1, 'MID', 'Healthy');

INSERT INTO players (id, name, surname, club, price, pos, health_status)
VALUES (22, 'Kiernan', 'Dewsburry-Hall', 'Leicester', 6.0, 'MID', 'Healthy');

INSERT INTO players (id, name, surname, club, price, pos, health_status)
VALUES (23, 'Donny', 'van de Beek', 'ManUnited', 6.5, 'MID', 'Injured');

INSERT INTO players (id, name, surname, club, price, pos, health_status)
VALUES (24, 'Carney', 'Chukwuemeka', 'Chelsea', 5.8, 'MID', 'Healthy');

INSERT INTO players (id, name, surname, club, price, pos, health_status)
VALUES (25, 'Mathias', 'Jensen', 'Brentford', 6.1, 'MID', 'Healthy');

INSERT INTO players (id, name, surname, club, price, pos, health_status)
VALUES (7, 'Enzo', 'Fernandez', 'Chelsea', 7.1, 'MID', 'Healthy');

INSERT INTO players (id, name, surname, club, price, pos, health_status)
VALUES (8, 'Declan', 'Rice', 'WestHam', 7.0, 'MID', 'Healthy');

INSERT INTO players (id, name, surname, club, price, pos, health_status)
VALUES (9, 'Marcus', 'Rashford', 'ManUnited', 10.6, 'MID', 'Healthy');

INSERT INTO players (id, name, surname, club, price, pos, health_status)
VALUES (33, 'Kevin', 'De Bruyne', 'ManCity', 11.1, 'MID', 'Healthy');

INSERT INTO players (id, name, surname, club, price, pos, health_status)
VALUES (34, 'Luis', 'Diaz', 'Liverpool', 8.3, 'MID', 'Healthy');

INSERT INTO players (id, name, surname, club, price, pos, health_status)
VALUES (35, 'Bernardo', 'Silva', 'ManCity', 8.8, 'MID', 'Healthy');

INSERT INTO players (id, name, surname, club, price, pos, health_status)
VALUES (36, 'Mohamed', 'Salah', 'Liverpool', 11.4, 'MID', 'Healthy');

INSERT INTO players (id, name, surname, club, price, pos, health_status)
VALUES (37, 'Mason', 'Mount', 'Chelsea', 7.9, 'MID', 'Healthy');

INSERT INTO players (id, name, surname, club, price, pos, health_status)
VALUES (38, 'Gabriel', 'Martinelli', 'Arsenal', 8.1, 'MID', 'Healthy');

INSERT INTO players (id, name, surname, club, price, pos, health_status)
VALUES (53, 'Amadou', 'Onana', 'Everton', 6.5, 'MID', 'Healthy');

INSERT INTO players (id, name, surname, club, price, pos, health_status)
VALUES (54, 'Mateo', 'Kovacic', 'Chelsea', 6.7, 'MID', 'Healthy');

INSERT INTO players (id, name, surname, club, price, pos, health_status)
VALUES (55, 'John', 'McGinn', 'AstonVilla', 6.2, 'MID', 'Healthy');

INSERT INTO players (id, name, surname, club, price, pos, health_status)
VALUES (56, 'Cheick', 'Doucoure', 'CrystalPalace', 6.0, 'MID', 'Healthy');

INSERT INTO players (id, name, surname, club, price, pos, health_status)
VALUES (57, 'Romeo', 'Lavia', 'Southampton', 5.9, 'MID', 'Healthy');

INSERT INTO players (id, name, surname, club, price, pos, health_status)
VALUES (64, 'Maxwel', 'Cornet', 'WestHam', 6.6, 'MID', 'Healthy');
-- FWD

INSERT INTO players (id, name, surname, club, price, pos, health_status)
VALUES (3, 'Erling', 'Haaland', 'ManCity', 12.2, 'FWD', 'Healthy');

INSERT INTO players (id, name, surname, club, price, pos, health_status)
VALUES (26, 'Gianluca', 'Scamacca', 'WestHam', 6.7, 'FWD', 'Healthy');

INSERT INTO players (id, name, surname, club, price, pos, health_status)
VALUES (27, 'Dominic', 'Solanke', 'Bournemouth', 6.4, 'FWD', 'Healthy');

INSERT INTO players (id, name, surname, club, price, pos, health_status)
VALUES (10, 'Gabriel', 'Jesus', 'Arsenal', 9.9, 'FWD', 'Healthy');

INSERT INTO players (id, name, surname, club, price, pos, health_status)
VALUES (6, 'Harry', 'Kane', 'Tottenham', 11.4, 'FWD', 'Healthy');

INSERT INTO players (id, name, surname, club, price, pos, health_status)
VALUES (58, 'Ivan', 'Toney', 'Brentford', 7.7, 'FWD', 'Healthy');

INSERT INTO players (id, name, surname, club, price, pos, health_status)
VALUES (59, 'Alexander', 'Isak', 'Newcastle', 7.6, 'FWD', 'Healthy');

INSERT INTO players (id, name, surname, club, price, pos, health_status)
VALUES (60, 'Dominic', 'Calvert-Lewin', 'Everton', 6.6, 'FWD', 'Healthy');

INSERT INTO players (id, name, surname, club, price, pos, health_status)
VALUES (61, 'Aleksandar', 'Mitrovic', 'Fulham', 7.5, 'FWD', 'Healthy');

INSERT INTO players (id, name, surname, club, price, pos, health_status)
VALUES (62, 'Taiwo', 'Awoniyi', 'NottinghamForest', 6.3, 'FWD', 'Healthy');

INSERT INTO players (id, name, surname, club, price, pos, health_status)
VALUES (63, 'Patrick', 'Bamford', 'Leeds', 6.4, 'FWD', 'Healthy');

-- Statistics
INSERT INTO statistics (game_week, goals, assists, minutes, own_goals, yellow_cards, red_cards, saves, clean_sheet, player_id)
VALUES (1, 0, 0, 88, 0, 1, 1, 0, 1, 1);

INSERT INTO statistics (game_week, goals, assists, minutes, own_goals, yellow_cards, red_cards, saves, clean_sheet, player_id)
VALUES (1, 0, 1, 90, 0, 0, 0, 0, 1, 2);

INSERT INTO statistics (game_week, goals, assists, minutes, own_goals, yellow_cards, red_cards, saves, clean_sheet, player_id)
VALUES (1, 3, 1, 74, 0, 0, 0, 0, 0, 3);

INSERT INTO statistics (game_week, goals, assists, minutes, own_goals, yellow_cards, red_cards, saves, clean_sheet, player_id)
VALUES (1, 0, 1, 45, 0, 0, 0, 0, 0, 4);

INSERT INTO statistics (game_week, goals, assists, minutes, own_goals, yellow_cards, red_cards, saves, clean_sheet, player_id)
VALUES (1, 0, 2, 77, 0, 0, 0, 0, 0, 5);

INSERT INTO statistics (game_week, goals, assists, minutes, own_goals, yellow_cards, red_cards, saves, clean_sheet, player_id)
VALUES (1, 1, 0, 90, 0, 1, 0, 0, 1, 6);

INSERT INTO statistics (game_week, goals, assists, minutes, own_goals, yellow_cards, red_cards, saves, clean_sheet, player_id)
VALUES (1, 0, 0, 90, 0, 0, 0, 0, 1, 7);

INSERT INTO statistics (game_week, goals, assists, minutes, own_goals, yellow_cards, red_cards, saves, clean_sheet, player_id)
VALUES (1, 0, 0, 90, 0, 0, 0, 0, 0, 8);

INSERT INTO statistics (game_week, goals, assists, minutes, own_goals, yellow_cards, red_cards, saves, clean_sheet, player_id)
VALUES (1, 1, 1, 68, 0, 0, 0, 0, 0, 9);

INSERT INTO statistics (game_week, goals, assists, minutes, own_goals, yellow_cards, red_cards, saves, clean_sheet, player_id)
VALUES (1, 1, 0, 84, 0, 0, 0, 0, 0, 10);

INSERT INTO statistics (game_week, goals, assists, minutes, own_goals, yellow_cards, red_cards, saves, clean_sheet, player_id)
VALUES (1, 0, 0, 19, 0, 0, 1, 0, 0, 11);

INSERT INTO statistics (game_week, goals, assists, minutes, own_goals, yellow_cards, red_cards, saves, clean_sheet, player_id)
VALUES (1, 0, 0, 90, 0, 1, 0, 0, 1, 12);

INSERT INTO statistics (game_week, goals, assists, minutes, own_goals, yellow_cards, red_cards, saves, clean_sheet, player_id)
VALUES (1, 0, 0, 90, 0, 0, 0, 4, 1, 13);

INSERT INTO statistics (game_week, goals, assists, minutes, own_goals, yellow_cards, red_cards, saves, clean_sheet, player_id)
VALUES (1, 1, 0, 0, 0, 0, 0, 0, 0, 14);

INSERT INTO statistics (game_week, goals, assists, minutes, own_goals, yellow_cards, red_cards, saves, clean_sheet, player_id)
VALUES (1, 0, 0, 0, 0, 0, 0, 7, 0, 15);

INSERT INTO statistics (game_week, goals, assists, minutes, own_goals, yellow_cards, red_cards, saves, clean_sheet, player_id)
VALUES (1, 0, 0, 90, 0, 0, 0, 1, 0, 16);

INSERT INTO statistics (game_week, goals, assists, minutes, own_goals, yellow_cards, red_cards, saves, clean_sheet, player_id)
VALUES (1, 0, 0, 0, 0, 0, 0, 0, 1, 17);

INSERT INTO statistics (game_week, goals, assists, minutes, own_goals, yellow_cards, red_cards, saves, clean_sheet, player_id)
VALUES (1, 0, 0, 90, 1, 1, 0, 0, 0, 18);

INSERT INTO statistics (game_week, goals, assists, minutes, own_goals, yellow_cards, red_cards, saves, clean_sheet, player_id)
VALUES (1, 0, 0, 90, 0, 0, 0, 0, 0, 19);

INSERT INTO statistics (game_week, goals, assists, minutes, own_goals, yellow_cards, red_cards, saves, clean_sheet, player_id)
VALUES (1, 0, 1, 90, 0, 0, 0, 0, 1, 20);

INSERT INTO statistics (game_week, goals, assists, minutes, own_goals, yellow_cards, red_cards, saves, clean_sheet, player_id)
VALUES (1, 0, 0, 59, 0, 1, 0, 0, 0, 21);

INSERT INTO statistics (game_week, goals, assists, minutes, own_goals, yellow_cards, red_cards, saves, clean_sheet, player_id)
VALUES (1, 0, 0, 29, 0, 0, 0, 0, 0, 22);

INSERT INTO statistics (game_week, goals, assists, minutes, own_goals, yellow_cards, red_cards, saves, clean_sheet, player_id)
VALUES (1, 0, 0, 0, 0, 0, 0, 0, 0, 23);

INSERT INTO statistics (game_week, goals, assists, minutes, own_goals, yellow_cards, red_cards, saves, clean_sheet, player_id)
VALUES (1, 0, 0, 0, 0, 0, 0, 0, 0, 24);

INSERT INTO statistics (game_week, goals, assists, minutes, own_goals, yellow_cards, red_cards, saves, clean_sheet, player_id)
VALUES (1, 0, 0, 64, 0, 0, 0, 0, 0, 25);

INSERT INTO statistics (game_week, goals, assists, minutes, own_goals, yellow_cards, red_cards, saves, clean_sheet, player_id)
VALUES (1, 0, 1, 23, 0, 0, 0, 0, 0, 26);

INSERT INTO statistics (game_week, goals, assists, minutes, own_goals, yellow_cards, red_cards, saves, clean_sheet, player_id)
VALUES (1, 1, 0, 90, 0, 0, 0, 0, 0, 27);

INSERT INTO statistics (game_week, goals, assists, minutes, own_goals, yellow_cards, red_cards, saves, clean_sheet, player_id)
VALUES (1, 1, 1, 71, 0, 0, 0, 0, 1, 28);

INSERT INTO statistics (game_week, goals, assists, minutes, own_goals, yellow_cards, red_cards, saves, clean_sheet, player_id)
VALUES (1,0, 0, 0, 0, 0, 0, 0, 0, 29);

INSERT INTO statistics (game_week, goals, assists, minutes, own_goals, yellow_cards, red_cards, saves, clean_sheet, player_id)
VALUES (1, 0, 0, 0, 0, 0, 0, 0, 0, 30);

INSERT INTO statistics (game_week, goals, assists, minutes, own_goals, yellow_cards, red_cards, saves, clean_sheet, player_id)
VALUES (1, 0, 0, 0, 0, 0, 0, 0, 0, 31);

INSERT INTO statistics (game_week, goals, assists, minutes, own_goals, yellow_cards, red_cards, saves, clean_sheet, player_id)
VALUES (1, 0, 0, 51, 0, 0, 0, 0, 0, 32);

INSERT INTO statistics (game_week, goals, assists, minutes, own_goals, yellow_cards, red_cards, saves, clean_sheet, player_id)
VALUES (1, 0, 0, 88, 0, 1, 1, 0, 1, 33);

INSERT INTO statistics (game_week, goals, assists, minutes, own_goals, yellow_cards, red_cards, saves, clean_sheet, player_id)
VALUES (1, 0, 1, 90, 0, 0, 0, 0, 1, 34);

INSERT INTO statistics (game_week, goals, assists, minutes, own_goals, yellow_cards, red_cards, saves, clean_sheet, player_id)
VALUES (1, 3, 1, 74, 0, 0, 0, 0, 0, 35);

INSERT INTO statistics (game_week, goals, assists, minutes, own_goals, yellow_cards, red_cards, saves, clean_sheet, player_id)
VALUES (1, 0, 1, 45, 0, 0, 0, 0, 0, 36);

INSERT INTO statistics (game_week, goals, assists, minutes, own_goals, yellow_cards, red_cards, saves, clean_sheet, player_id)
VALUES (1, 0, 2, 77, 0, 0, 0, 0, 0, 37);

INSERT INTO statistics (game_week, goals, assists, minutes, own_goals, yellow_cards, red_cards, saves, clean_sheet, player_id)
VALUES (1, 1, 0, 90, 0, 1, 0, 0, 1, 38);

INSERT INTO statistics (game_week, goals, assists, minutes, own_goals, yellow_cards, red_cards, saves, clean_sheet, player_id)
VALUES (1, 0, 0, 90, 0, 0, 0, 0, 1, 39);

INSERT INTO statistics (game_week, goals, assists, minutes, own_goals, yellow_cards, red_cards, saves, clean_sheet, player_id)
VALUES (1, 0, 0, 90, 0, 0, 0, 0, 0, 40);

INSERT INTO statistics (game_week, goals, assists, minutes, own_goals, yellow_cards, red_cards, saves, clean_sheet, player_id)
VALUES (1, 1, 1, 68, 0, 0, 0, 0, 0, 41);

INSERT INTO statistics (game_week, goals, assists, minutes, own_goals, yellow_cards, red_cards, saves, clean_sheet, player_id)
VALUES (1, 1, 1, 84, 0, 0, 0, 0, 0, 42);

INSERT INTO statistics (game_week, goals, assists, minutes, own_goals, yellow_cards, red_cards, saves, clean_sheet, player_id)
VALUES (1, 0, 0, 19, 0, 0, 1, 0, 0, 43);

INSERT INTO statistics (game_week, goals, assists, minutes, own_goals, yellow_cards, red_cards, saves, clean_sheet, player_id)
VALUES (1, 0, 0, 90, 0, 1, 0, 0, 1, 44);

INSERT INTO statistics (game_week, goals, assists, minutes, own_goals, yellow_cards, red_cards, saves, clean_sheet, player_id)
VALUES (1, 0, 0, 90, 0, 0, 0, 4, 1, 45);

INSERT INTO statistics (game_week, goals, assists, minutes, own_goals, yellow_cards, red_cards, saves, clean_sheet, player_id)
VALUES (1, 0, 0, 90, 0, 0, 0, 0, 0, 46);

INSERT INTO statistics (game_week, goals, assists, minutes, own_goals, yellow_cards, red_cards, saves, clean_sheet, player_id)
VALUES (1, 0, 0, 90, 0, 0, 0, 7, 0, 47);

INSERT INTO statistics (game_week, goals, assists, minutes, own_goals, yellow_cards, red_cards, saves, clean_sheet, player_id)
VALUES (1, 0, 0, 90, 0, 0, 0, 6, 1, 48);

INSERT INTO statistics (game_week, goals, assists, minutes, own_goals, yellow_cards, red_cards, saves, clean_sheet, player_id)
VALUES (1, 0, 0, 90, 0, 0, 0, 4, 1, 49);

INSERT INTO statistics (game_week, goals, assists, minutes, own_goals, yellow_cards, red_cards, saves, clean_sheet, player_id)
VALUES (1, 0, 0, 90, 1, 1, 0, 0, 0, 50);

INSERT INTO statistics (game_week, goals, assists, minutes, own_goals, yellow_cards, red_cards, saves, clean_sheet, player_id)
VALUES (1, 0, 0, 90, 0, 0, 0, 3, 1, 51);

INSERT INTO statistics (game_week, goals, assists, minutes, own_goals, yellow_cards, red_cards, saves, clean_sheet, player_id)
VALUES (1, 1, 1, 90, 0, 0, 0, 0, 1, 52);

INSERT INTO statistics (game_week, goals, assists, minutes, own_goals, yellow_cards, red_cards, saves, clean_sheet, player_id)
VALUES (1, 0, 0, 59, 0, 1, 0, 0, 0, 53);

INSERT INTO statistics (game_week, goals, assists, minutes, own_goals, yellow_cards, red_cards, saves, clean_sheet, player_id)
VALUES (1, 0, 1, 29, 0, 0, 0, 0, 0, 54);

INSERT INTO statistics (game_week, goals, assists, minutes, own_goals, yellow_cards, red_cards, saves, clean_sheet, player_id)
VALUES (1, 0, 0, 0, 0, 0, 0, 0, 0, 55);

INSERT INTO statistics (game_week, goals, assists, minutes, own_goals, yellow_cards, red_cards, saves, clean_sheet, player_id)
VALUES (1, 0, 0, 16, 0, 0, 0, 0, 0, 56);

INSERT INTO statistics (game_week, goals, assists, minutes, own_goals, yellow_cards, red_cards, saves, clean_sheet, player_id)
VALUES (1, 1, 0, 64, 0, 0, 0, 0, 0, 57);

INSERT INTO statistics (game_week, goals, assists, minutes, own_goals, yellow_cards, red_cards, saves, clean_sheet, player_id)
VALUES (1, 0, 0, 77, 0, 0, 0, 0, 0, 58);

INSERT INTO statistics (game_week, goals, assists, minutes, own_goals, yellow_cards, red_cards, saves, clean_sheet, player_id)
VALUES (1, 1, 0, 90, 0, 0, 0, 0, 0, 59);

INSERT INTO statistics (game_week, goals, assists, minutes, own_goals, yellow_cards, red_cards, saves, clean_sheet, player_id)
VALUES (1, 1, 1, 71, 0, 0, 0, 0, 1, 60);

INSERT INTO statistics (game_week, goals, assists, minutes, own_goals, yellow_cards, red_cards, saves, clean_sheet, player_id)
VALUES (1, 0, 0, 90, 1, 0, 0, 0, 0, 61);

INSERT INTO statistics (game_week, goals, assists, minutes, own_goals, yellow_cards, red_cards, saves, clean_sheet, player_id)
VALUES (1, 1, 0, 36, 0, 0, 0, 0, 0, 62);

INSERT INTO statistics (game_week, goals, assists, minutes, own_goals, yellow_cards, red_cards, saves, clean_sheet, player_id)
VALUES (1, 0, 1, 60, 0, 0, 0, 0, 0, 63);

INSERT INTO statistics (game_week, goals, assists, minutes, own_goals, yellow_cards, red_cards, saves, clean_sheet, player_id)
VALUES (1, 0, 0, 12, 0, 0, 0, 0, 0, 64);

INSERT INTO statistics (game_week, goals, assists, minutes, own_goals, yellow_cards, red_cards, saves, clean_sheet, player_id)
VALUES (1, 0, 0, 90, 0, 1, 0, 0, 0, 65);